Id,Rule Name,Product,Severity,Status,Confidence,Category,Is Pro Rule,Assistant Triage Result,Assistant Triage Reason,Assistant Component,Repository Name,Repository Url,Line Of Code Url,Semgrep Platform Link,Created At,Last Opened At,Branch,Triaged At,Triage Comment,Triage Reason,Rule Description
174823902,java.lang.security.audit.crypto.ecb-cipher.ecb-cipher,Code,Medium,Open,High,security,False,,,,LucoMoro/Scraped_CRs,https://github.com/LucoMoro/Scraped_CRs,https://github.com/LucoMoro/Scraped_CRs/blob/b0f8574362e0a964c7b2c70bf09f6f87d90c4659/after_crs/after_CR_43713-4.java#L710,https://semgrep.dev/orgs/lucamorelli/findings/174823902,2025-04-21 22:28:47.667174,2025-04-27 10:39:26.717385,refs/heads/main,,,,"Cipher in ECB mode is detected. ECB mode produces the same output for the same input each time which allows an attacker to intercept and replay the data. Further, ECB mode does not provide any integrity checking. See https://find-sec-bugs.github.io/bugs.htm#CIPHER_INTEGRITY."
174823901,java.lang.security.audit.crypto.use-of-aes-ecb.use-of-aes-ecb,Code,Medium,Open,High,security,False,,,,LucoMoro/Scraped_CRs,https://github.com/LucoMoro/Scraped_CRs,https://github.com/LucoMoro/Scraped_CRs/blob/b0f8574362e0a964c7b2c70bf09f6f87d90c4659/after_crs/after_CR_43713-1.java#L575,https://semgrep.dev/orgs/lucamorelli/findings/174823901,2025-04-21 22:28:47.667130,2025-04-27 10:39:26.717385,refs/heads/main,,,,"Use of AES with ECB mode detected. ECB doesn't provide message confidentiality and  is not semantically secure so should not be used. Instead, use a strong, secure cipher: Cipher.getInstance(""AES/CBC/PKCS7PADDING""). See https://owasp.org/www-community/Using_the_Java_Cryptographic_Extensions for more information."
173864071,java.lang.security.audit.crypto.ecb-cipher.ecb-cipher,Code,Medium,Open,High,security,False,,,,LucoMoro/Scraped_CRs,https://github.com/LucoMoro/Scraped_CRs,https://github.com/LucoMoro/Scraped_CRs/blob/b0f8574362e0a964c7b2c70bf09f6f87d90c4659/after_crs/after_CR_43713-3.java#L656,https://semgrep.dev/orgs/lucamorelli/findings/173864071,2025-04-18 22:28:49.114086,2025-04-27 10:39:26.717385,refs/heads/main,,,,"Cipher in ECB mode is detected. ECB mode produces the same output for the same input each time which allows an attacker to intercept and replay the data. Further, ECB mode does not provide any integrity checking. See https://find-sec-bugs.github.io/bugs.htm#CIPHER_INTEGRITY."
173137014,java.lang.security.audit.crypto.ecb-cipher.ecb-cipher,Code,Medium,Open,High,security,False,,,,LucoMoro/Scraped_CRs,https://github.com/LucoMoro/Scraped_CRs,https://github.com/LucoMoro/Scraped_CRs/blob/b0f8574362e0a964c7b2c70bf09f6f87d90c4659/after_crs/after_CR_43713-6.java#L652,https://semgrep.dev/orgs/lucamorelli/findings/173137014,2025-04-17 22:27:50.129532,2025-04-27 10:39:26.717385,refs/heads/main,,,,"Cipher in ECB mode is detected. ECB mode produces the same output for the same input each time which allows an attacker to intercept and replay the data. Further, ECB mode does not provide any integrity checking. See https://find-sec-bugs.github.io/bugs.htm#CIPHER_INTEGRITY."
173137013,java.lang.security.audit.crypto.ecb-cipher.ecb-cipher,Code,Medium,Open,High,security,False,,,,LucoMoro/Scraped_CRs,https://github.com/LucoMoro/Scraped_CRs,https://github.com/LucoMoro/Scraped_CRs/blob/b0f8574362e0a964c7b2c70bf09f6f87d90c4659/after_crs/after_CR_43713-8.java#L419,https://semgrep.dev/orgs/lucamorelli/findings/173137013,2025-04-17 22:27:50.129507,2025-04-27 10:39:26.717385,refs/heads/main,,,,"Cipher in ECB mode is detected. ECB mode produces the same output for the same input each time which allows an attacker to intercept and replay the data. Further, ECB mode does not provide any integrity checking. See https://find-sec-bugs.github.io/bugs.htm#CIPHER_INTEGRITY."
172392605,java.lang.security.audit.crypto.ecb-cipher.ecb-cipher,Code,Medium,Open,High,security,False,,,,LucoMoro/Scraped_CRs,https://github.com/LucoMoro/Scraped_CRs,https://github.com/LucoMoro/Scraped_CRs/blob/b0f8574362e0a964c7b2c70bf09f6f87d90c4659/after_crs/after_CR_43713-7.java#L405,https://semgrep.dev/orgs/lucamorelli/findings/172392605,2025-04-16 22:27:40.022462,2025-04-27 10:39:26.717385,refs/heads/main,,,,"Cipher in ECB mode is detected. ECB mode produces the same output for the same input each time which allows an attacker to intercept and replay the data. Further, ECB mode does not provide any integrity checking. See https://find-sec-bugs.github.io/bugs.htm#CIPHER_INTEGRITY."
172392601,java.lang.security.audit.crypto.use-of-aes-ecb.use-of-aes-ecb,Code,Medium,Open,High,security,False,,,,LucoMoro/Scraped_CRs,https://github.com/LucoMoro/Scraped_CRs,https://github.com/LucoMoro/Scraped_CRs/blob/b0f8574362e0a964c7b2c70bf09f6f87d90c4659/after_crs/after_CR_43713-4.java#L684,https://semgrep.dev/orgs/lucamorelli/findings/172392601,2025-04-16 22:27:40.022302,2025-04-27 10:39:26.717385,refs/heads/main,,,,"Use of AES with ECB mode detected. ECB doesn't provide message confidentiality and  is not semantically secure so should not be used. Instead, use a strong, secure cipher: Cipher.getInstance(""AES/CBC/PKCS7PADDING""). See https://owasp.org/www-community/Using_the_Java_Cryptographic_Extensions for more information."
171621728,java.lang.security.audit.crypto.ecb-cipher.ecb-cipher,Code,Medium,Open,High,security,False,,,,LucoMoro/Scraped_CRs,https://github.com/LucoMoro/Scraped_CRs,https://github.com/LucoMoro/Scraped_CRs/blob/b0f8574362e0a964c7b2c70bf09f6f87d90c4659/after_crs/after_CR_40380-1.java#L991,https://semgrep.dev/orgs/lucamorelli/findings/171621728,2025-04-15 22:28:14.198468,2025-04-27 10:39:26.717385,refs/heads/main,,,,"Cipher in ECB mode is detected. ECB mode produces the same output for the same input each time which allows an attacker to intercept and replay the data. Further, ECB mode does not provide any integrity checking. See https://find-sec-bugs.github.io/bugs.htm#CIPHER_INTEGRITY."
171621727,java.lang.security.audit.crypto.ecb-cipher.ecb-cipher,Code,Medium,Open,High,security,False,,,,LucoMoro/Scraped_CRs,https://github.com/LucoMoro/Scraped_CRs,https://github.com/LucoMoro/Scraped_CRs/blob/b0f8574362e0a964c7b2c70bf09f6f87d90c4659/after_crs/after_CR_40380-1.java#L1025,https://semgrep.dev/orgs/lucamorelli/findings/171621727,2025-04-15 22:28:14.198442,2025-04-27 10:39:26.717385,refs/heads/main,,,,"Cipher in ECB mode is detected. ECB mode produces the same output for the same input each time which allows an attacker to intercept and replay the data. Further, ECB mode does not provide any integrity checking. See https://find-sec-bugs.github.io/bugs.htm#CIPHER_INTEGRITY."
171621726,java.lang.security.audit.crypto.ecb-cipher.ecb-cipher,Code,Medium,Open,High,security,False,,,,LucoMoro/Scraped_CRs,https://github.com/LucoMoro/Scraped_CRs,https://github.com/LucoMoro/Scraped_CRs/blob/b0f8574362e0a964c7b2c70bf09f6f87d90c4659/after_crs/after_CR_43713-1.java#L238,https://semgrep.dev/orgs/lucamorelli/findings/171621726,2025-04-15 22:28:14.198415,2025-04-27 10:39:26.717385,refs/heads/main,,,,"Cipher in ECB mode is detected. ECB mode produces the same output for the same input each time which allows an attacker to intercept and replay the data. Further, ECB mode does not provide any integrity checking. See https://find-sec-bugs.github.io/bugs.htm#CIPHER_INTEGRITY."
171621710,java.lang.security.audit.crypto.ecb-cipher.ecb-cipher,Code,Medium,Open,High,security,False,,,,LucoMoro/Scraped_CRs,https://github.com/LucoMoro/Scraped_CRs,https://github.com/LucoMoro/Scraped_CRs/blob/b0f8574362e0a964c7b2c70bf09f6f87d90c4659/after_crs/after_CR_43713-7.java#L679,https://semgrep.dev/orgs/lucamorelli/findings/171621710,2025-04-15 22:28:14.197995,2025-04-27 10:39:26.717385,refs/heads/main,,,,"Cipher in ECB mode is detected. ECB mode produces the same output for the same input each time which allows an attacker to intercept and replay the data. Further, ECB mode does not provide any integrity checking. See https://find-sec-bugs.github.io/bugs.htm#CIPHER_INTEGRITY."
171621708,java.lang.security.audit.crypto.ecb-cipher.ecb-cipher,Code,Medium,Open,High,security,False,,,,LucoMoro/Scraped_CRs,https://github.com/LucoMoro/Scraped_CRs,https://github.com/LucoMoro/Scraped_CRs/blob/b0f8574362e0a964c7b2c70bf09f6f87d90c4659/after_crs/after_CR_43713-8.java#L405,https://semgrep.dev/orgs/lucamorelli/findings/171621708,2025-04-15 22:28:14.197943,2025-04-27 10:39:26.717385,refs/heads/main,,,,"Cipher in ECB mode is detected. ECB mode produces the same output for the same input each time which allows an attacker to intercept and replay the data. Further, ECB mode does not provide any integrity checking. See https://find-sec-bugs.github.io/bugs.htm#CIPHER_INTEGRITY."
171621707,java.lang.security.audit.crypto.ecb-cipher.ecb-cipher,Code,Medium,Open,High,security,False,,,,LucoMoro/Scraped_CRs,https://github.com/LucoMoro/Scraped_CRs,https://github.com/LucoMoro/Scraped_CRs/blob/b0f8574362e0a964c7b2c70bf09f6f87d90c4659/after_crs/after_CR_43713-8.java#L679,https://semgrep.dev/orgs/lucamorelli/findings/171621707,2025-04-15 22:28:14.197917,2025-04-27 10:39:26.717385,refs/heads/main,,,,"Cipher in ECB mode is detected. ECB mode produces the same output for the same input each time which allows an attacker to intercept and replay the data. Further, ECB mode does not provide any integrity checking. See https://find-sec-bugs.github.io/bugs.htm#CIPHER_INTEGRITY."
171621704,java.lang.security.audit.crypto.ecb-cipher.ecb-cipher,Code,Medium,Open,High,security,False,,,,LucoMoro/Scraped_CRs,https://github.com/LucoMoro/Scraped_CRs,https://github.com/LucoMoro/Scraped_CRs/blob/b0f8574362e0a964c7b2c70bf09f6f87d90c4659/before_crs/before_CR_43713-4.java#L243,https://semgrep.dev/orgs/lucamorelli/findings/171621704,2025-04-15 22:28:14.197838,2025-04-27 10:39:26.717385,refs/heads/main,,,,"Cipher in ECB mode is detected. ECB mode produces the same output for the same input each time which allows an attacker to intercept and replay the data. Further, ECB mode does not provide any integrity checking. See https://find-sec-bugs.github.io/bugs.htm#CIPHER_INTEGRITY."
171621703,java.lang.security.audit.crypto.ecb-cipher.ecb-cipher,Code,Medium,Open,High,security,False,,,,LucoMoro/Scraped_CRs,https://github.com/LucoMoro/Scraped_CRs,https://github.com/LucoMoro/Scraped_CRs/blob/b0f8574362e0a964c7b2c70bf09f6f87d90c4659/before_crs/before_CR_43713-4.java#L256,https://semgrep.dev/orgs/lucamorelli/findings/171621703,2025-04-15 22:28:14.197812,2025-04-27 10:39:26.717385,refs/heads/main,,,,"Cipher in ECB mode is detected. ECB mode produces the same output for the same input each time which allows an attacker to intercept and replay the data. Further, ECB mode does not provide any integrity checking. See https://find-sec-bugs.github.io/bugs.htm#CIPHER_INTEGRITY."
171621698,java.lang.security.audit.crypto.use-of-aes-ecb.use-of-aes-ecb,Code,Medium,Open,High,security,False,,,,LucoMoro/Scraped_CRs,https://github.com/LucoMoro/Scraped_CRs,https://github.com/LucoMoro/Scraped_CRs/blob/b0f8574362e0a964c7b2c70bf09f6f87d90c4659/after_crs/after_CR_43713-5.java#L707,https://semgrep.dev/orgs/lucamorelli/findings/171621698,2025-04-15 22:28:14.197648,2025-04-27 10:39:26.717385,refs/heads/main,,,,"Use of AES with ECB mode detected. ECB doesn't provide message confidentiality and  is not semantically secure so should not be used. Instead, use a strong, secure cipher: Cipher.getInstance(""AES/CBC/PKCS7PADDING""). See https://owasp.org/www-community/Using_the_Java_Cryptographic_Extensions for more information."
171621697,java.lang.security.audit.crypto.use-of-aes-ecb.use-of-aes-ecb,Code,Medium,Open,High,security,False,,,,LucoMoro/Scraped_CRs,https://github.com/LucoMoro/Scraped_CRs,https://github.com/LucoMoro/Scraped_CRs/blob/b0f8574362e0a964c7b2c70bf09f6f87d90c4659/after_crs/after_CR_43713-5.java#L733,https://semgrep.dev/orgs/lucamorelli/findings/171621697,2025-04-15 22:28:14.197621,2025-04-27 10:39:26.717385,refs/heads/main,,,,"Use of AES with ECB mode detected. ECB doesn't provide message confidentiality and  is not semantically secure so should not be used. Instead, use a strong, secure cipher: Cipher.getInstance(""AES/CBC/PKCS7PADDING""). See https://owasp.org/www-community/Using_the_Java_Cryptographic_Extensions for more information."
171621695,java.lang.security.audit.crypto.use-of-aes-ecb.use-of-aes-ecb,Code,Medium,Open,High,security,False,,,,LucoMoro/Scraped_CRs,https://github.com/LucoMoro/Scraped_CRs,https://github.com/LucoMoro/Scraped_CRs/blob/b0f8574362e0a964c7b2c70bf09f6f87d90c4659/after_crs/after_CR_43713-7.java#L753,https://semgrep.dev/orgs/lucamorelli/findings/171621695,2025-04-15 22:28:14.197568,2025-04-27 10:39:26.717385,refs/heads/main,,,,"Use of AES with ECB mode detected. ECB doesn't provide message confidentiality and  is not semantically secure so should not be used. Instead, use a strong, secure cipher: Cipher.getInstance(""AES/CBC/PKCS7PADDING""). See https://owasp.org/www-community/Using_the_Java_Cryptographic_Extensions for more information."
171436181,java.lang.security.audit.crypto.ecb-cipher.ecb-cipher,Code,Medium,Open,High,security,False,,,,LucoMoro/Scraped_CRs,https://github.com/LucoMoro/Scraped_CRs,https://github.com/LucoMoro/Scraped_CRs/blob/b0f8574362e0a964c7b2c70bf09f6f87d90c4659/after_crs/after_CR_40380-1.java#L977,https://semgrep.dev/orgs/lucamorelli/findings/171436181,2025-04-15 14:37:24.781445,2025-04-27 10:39:26.717385,refs/heads/main,,,,"Cipher in ECB mode is detected. ECB mode produces the same output for the same input each time which allows an attacker to intercept and replay the data. Further, ECB mode does not provide any integrity checking. See https://find-sec-bugs.github.io/bugs.htm#CIPHER_INTEGRITY."
171436168,java.lang.security.audit.crypto.ecb-cipher.ecb-cipher,Code,Medium,Open,High,security,False,,,,LucoMoro/Scraped_CRs,https://github.com/LucoMoro/Scraped_CRs,https://github.com/LucoMoro/Scraped_CRs/blob/b0f8574362e0a964c7b2c70bf09f6f87d90c4659/after_crs/after_CR_43713-2.java#L496,https://semgrep.dev/orgs/lucamorelli/findings/171436168,2025-04-15 14:37:24.781251,2025-04-27 10:39:26.717385,refs/heads/main,,,,"Cipher in ECB mode is detected. ECB mode produces the same output for the same input each time which allows an attacker to intercept and replay the data. Further, ECB mode does not provide any integrity checking. See https://find-sec-bugs.github.io/bugs.htm#CIPHER_INTEGRITY."
171436161,java.lang.security.audit.crypto.ecb-cipher.ecb-cipher,Code,Medium,Open,High,security,False,,,,LucoMoro/Scraped_CRs,https://github.com/LucoMoro/Scraped_CRs,https://github.com/LucoMoro/Scraped_CRs/blob/b0f8574362e0a964c7b2c70bf09f6f87d90c4659/after_crs/after_CR_43713-3.java#L630,https://semgrep.dev/orgs/lucamorelli/findings/171436161,2025-04-15 14:37:24.781138,2025-04-27 10:39:26.717385,refs/heads/main,,,,"Cipher in ECB mode is detected. ECB mode produces the same output for the same input each time which allows an attacker to intercept and replay the data. Further, ECB mode does not provide any integrity checking. See https://find-sec-bugs.github.io/bugs.htm#CIPHER_INTEGRITY."
171436159,java.lang.security.audit.crypto.ecb-cipher.ecb-cipher,Code,Medium,Open,High,security,False,,,,LucoMoro/Scraped_CRs,https://github.com/LucoMoro/Scraped_CRs,https://github.com/LucoMoro/Scraped_CRs/blob/b0f8574362e0a964c7b2c70bf09f6f87d90c4659/after_crs/after_CR_43713-4.java#L373,https://semgrep.dev/orgs/lucamorelli/findings/171436159,2025-04-15 14:37:24.781105,2025-04-27 10:39:26.717385,refs/heads/main,,,,"Cipher in ECB mode is detected. ECB mode produces the same output for the same input each time which allows an attacker to intercept and replay the data. Further, ECB mode does not provide any integrity checking. See https://find-sec-bugs.github.io/bugs.htm#CIPHER_INTEGRITY."
171436158,java.lang.security.audit.crypto.ecb-cipher.ecb-cipher,Code,Medium,Open,High,security,False,,,,LucoMoro/Scraped_CRs,https://github.com/LucoMoro/Scraped_CRs,https://github.com/LucoMoro/Scraped_CRs/blob/b0f8574362e0a964c7b2c70bf09f6f87d90c4659/after_crs/after_CR_43713-4.java#L636,https://semgrep.dev/orgs/lucamorelli/findings/171436158,2025-04-15 14:37:24.781089,2025-04-27 10:39:26.717385,refs/heads/main,,,,"Cipher in ECB mode is detected. ECB mode produces the same output for the same input each time which allows an attacker to intercept and replay the data. Further, ECB mode does not provide any integrity checking. See https://find-sec-bugs.github.io/bugs.htm#CIPHER_INTEGRITY."
171436157,java.lang.security.audit.crypto.ecb-cipher.ecb-cipher,Code,Medium,Open,High,security,False,,,,LucoMoro/Scraped_CRs,https://github.com/LucoMoro/Scraped_CRs,https://github.com/LucoMoro/Scraped_CRs/blob/b0f8574362e0a964c7b2c70bf09f6f87d90c4659/after_crs/after_CR_43713-4.java#L684,https://semgrep.dev/orgs/lucamorelli/findings/171436157,2025-04-15 14:37:24.781073,2025-04-27 10:39:26.717385,refs/heads/main,,,,"Cipher in ECB mode is detected. ECB mode produces the same output for the same input each time which allows an attacker to intercept and replay the data. Further, ECB mode does not provide any integrity checking. See https://find-sec-bugs.github.io/bugs.htm#CIPHER_INTEGRITY."
171436150,java.lang.security.audit.crypto.ecb-cipher.ecb-cipher,Code,Medium,Open,High,security,False,,,,LucoMoro/Scraped_CRs,https://github.com/LucoMoro/Scraped_CRs,https://github.com/LucoMoro/Scraped_CRs/blob/b0f8574362e0a964c7b2c70bf09f6f87d90c4659/after_crs/after_CR_43713-6.java#L375,https://semgrep.dev/orgs/lucamorelli/findings/171436150,2025-04-15 14:37:24.780958,2025-04-27 10:39:26.717385,refs/heads/main,,,,"Cipher in ECB mode is detected. ECB mode produces the same output for the same input each time which allows an attacker to intercept and replay the data. Further, ECB mode does not provide any integrity checking. See https://find-sec-bugs.github.io/bugs.htm#CIPHER_INTEGRITY."
171436147,java.lang.security.audit.crypto.ecb-cipher.ecb-cipher,Code,Medium,Open,High,security,False,,,,LucoMoro/Scraped_CRs,https://github.com/LucoMoro/Scraped_CRs,https://github.com/LucoMoro/Scraped_CRs/blob/b0f8574362e0a964c7b2c70bf09f6f87d90c4659/after_crs/after_CR_43713-6.java#L726,https://semgrep.dev/orgs/lucamorelli/findings/171436147,2025-04-15 14:37:24.780909,2025-04-27 10:39:26.717385,refs/heads/main,,,,"Cipher in ECB mode is detected. ECB mode produces the same output for the same input each time which allows an attacker to intercept and replay the data. Further, ECB mode does not provide any integrity checking. See https://find-sec-bugs.github.io/bugs.htm#CIPHER_INTEGRITY."
171436127,java.lang.security.audit.crypto.ecb-cipher.ecb-cipher,Code,Medium,Open,High,security,False,,,,LucoMoro/Scraped_CRs,https://github.com/LucoMoro/Scraped_CRs,https://github.com/LucoMoro/Scraped_CRs/blob/b0f8574362e0a964c7b2c70bf09f6f87d90c4659/before_crs/before_CR_43713-7.java#L247,https://semgrep.dev/orgs/lucamorelli/findings/171436127,2025-04-15 14:37:24.780571,2025-04-27 10:39:26.717385,refs/heads/main,,,,"Cipher in ECB mode is detected. ECB mode produces the same output for the same input each time which allows an attacker to intercept and replay the data. Further, ECB mode does not provide any integrity checking. See https://find-sec-bugs.github.io/bugs.htm#CIPHER_INTEGRITY."
171436110,java.lang.security.audit.crypto.use-of-aes-ecb.use-of-aes-ecb,Code,Medium,Open,High,security,False,,,,LucoMoro/Scraped_CRs,https://github.com/LucoMoro/Scraped_CRs,https://github.com/LucoMoro/Scraped_CRs/blob/b0f8574362e0a964c7b2c70bf09f6f87d90c4659/after_crs/after_CR_43713-2.java#L570,https://semgrep.dev/orgs/lucamorelli/findings/171436110,2025-04-15 14:37:24.780291,2025-04-27 10:39:26.717385,refs/heads/main,,,,"Use of AES with ECB mode detected. ECB doesn't provide message confidentiality and  is not semantically secure so should not be used. Instead, use a strong, secure cipher: Cipher.getInstance(""AES/CBC/PKCS7PADDING""). See https://owasp.org/www-community/Using_the_Java_Cryptographic_Extensions for more information."
171436107,java.lang.security.audit.crypto.use-of-aes-ecb.use-of-aes-ecb,Code,Medium,Open,High,security,False,,,,LucoMoro/Scraped_CRs,https://github.com/LucoMoro/Scraped_CRs,https://github.com/LucoMoro/Scraped_CRs/blob/b0f8574362e0a964c7b2c70bf09f6f87d90c4659/after_crs/after_CR_43713-3.java#L656,https://semgrep.dev/orgs/lucamorelli/findings/171436107,2025-04-15 14:37:24.780241,2025-04-27 10:39:26.717385,refs/heads/main,,,,"Use of AES with ECB mode detected. ECB doesn't provide message confidentiality and  is not semantically secure so should not be used. Instead, use a strong, secure cipher: Cipher.getInstance(""AES/CBC/PKCS7PADDING""). See https://owasp.org/www-community/Using_the_Java_Cryptographic_Extensions for more information."
171436098,java.lang.security.audit.crypto.use-of-aes-ecb.use-of-aes-ecb,Code,Medium,Open,High,security,False,,,,LucoMoro/Scraped_CRs,https://github.com/LucoMoro/Scraped_CRs,https://github.com/LucoMoro/Scraped_CRs/blob/b0f8574362e0a964c7b2c70bf09f6f87d90c4659/after_crs/after_CR_43713-6.java#L726,https://semgrep.dev/orgs/lucamorelli/findings/171436098,2025-04-15 14:37:24.780088,2025-04-27 10:39:26.717385,refs/heads/main,,,,"Use of AES with ECB mode detected. ECB doesn't provide message confidentiality and  is not semantically secure so should not be used. Instead, use a strong, secure cipher: Cipher.getInstance(""AES/CBC/PKCS7PADDING""). See https://owasp.org/www-community/Using_the_Java_Cryptographic_Extensions for more information."
171436094,java.lang.security.audit.crypto.use-of-aes-ecb.use-of-aes-ecb,Code,Medium,Open,High,security,False,,,,LucoMoro/Scraped_CRs,https://github.com/LucoMoro/Scraped_CRs,https://github.com/LucoMoro/Scraped_CRs/blob/b0f8574362e0a964c7b2c70bf09f6f87d90c4659/after_crs/after_CR_43713-8.java#L753,https://semgrep.dev/orgs/lucamorelli/findings/171436094,2025-04-15 14:37:24.780020,2025-04-27 10:39:26.717385,refs/heads/main,,,,"Use of AES with ECB mode detected. ECB doesn't provide message confidentiality and  is not semantically secure so should not be used. Instead, use a strong, secure cipher: Cipher.getInstance(""AES/CBC/PKCS7PADDING""). See https://owasp.org/www-community/Using_the_Java_Cryptographic_Extensions for more information."
171377517,java.lang.security.audit.crypto.ecb-cipher.ecb-cipher,Code,Medium,Open,High,security,False,,,,LucoMoro/Scraped_CRs,https://github.com/LucoMoro/Scraped_CRs,https://github.com/LucoMoro/Scraped_CRs/blob/b0f8574362e0a964c7b2c70bf09f6f87d90c4659/before_crs/before_CR_43713-2.java#L175,https://semgrep.dev/orgs/lucamorelli/findings/171377517,2025-04-15 13:04:08.639160,2025-04-27 10:39:26.717385,refs/heads/main,,,,"Cipher in ECB mode is detected. ECB mode produces the same output for the same input each time which allows an attacker to intercept and replay the data. Further, ECB mode does not provide any integrity checking. See https://find-sec-bugs.github.io/bugs.htm#CIPHER_INTEGRITY."
171377511,java.lang.security.audit.crypto.ecb-cipher.ecb-cipher,Code,Medium,Open,High,security,False,,,,LucoMoro/Scraped_CRs,https://github.com/LucoMoro/Scraped_CRs,https://github.com/LucoMoro/Scraped_CRs/blob/b0f8574362e0a964c7b2c70bf09f6f87d90c4659/before_crs/before_CR_43713-5.java#L261,https://semgrep.dev/orgs/lucamorelli/findings/171377511,2025-04-15 13:04:08.639063,2025-04-27 10:39:26.717385,refs/heads/main,,,,"Cipher in ECB mode is detected. ECB mode produces the same output for the same input each time which allows an attacker to intercept and replay the data. Further, ECB mode does not provide any integrity checking. See https://find-sec-bugs.github.io/bugs.htm#CIPHER_INTEGRITY."
171377507,java.lang.security.audit.crypto.ecb-cipher.ecb-cipher,Code,Medium,Open,High,security,False,,,,LucoMoro/Scraped_CRs,https://github.com/LucoMoro/Scraped_CRs,https://github.com/LucoMoro/Scraped_CRs/blob/b0f8574362e0a964c7b2c70bf09f6f87d90c4659/before_crs/before_CR_43713-7.java#L260,https://semgrep.dev/orgs/lucamorelli/findings/171377507,2025-04-15 13:04:08.638998,2025-04-27 10:39:26.717385,refs/heads/main,,,,"Cipher in ECB mode is detected. ECB mode produces the same output for the same input each time which allows an attacker to intercept and replay the data. Further, ECB mode does not provide any integrity checking. See https://find-sec-bugs.github.io/bugs.htm#CIPHER_INTEGRITY."
171621725,java.lang.security.audit.crypto.ecb-cipher.ecb-cipher,Code,Medium,Open,High,security,False,,,,LucoMoro/Scraped_CRs,https://github.com/LucoMoro/Scraped_CRs,https://github.com/LucoMoro/Scraped_CRs/blob/b0f8574362e0a964c7b2c70bf09f6f87d90c4659/after_crs/after_CR_43713-1.java#L575,https://semgrep.dev/orgs/lucamorelli/findings/171621725,2025-04-15 22:28:14.198389,2025-04-27 10:19:23.309856,refs/heads/main,,,,"Cipher in ECB mode is detected. ECB mode produces the same output for the same input each time which allows an attacker to intercept and replay the data. Further, ECB mode does not provide any integrity checking. See https://find-sec-bugs.github.io/bugs.htm#CIPHER_INTEGRITY."
171621722,java.lang.security.audit.crypto.ecb-cipher.ecb-cipher,Code,Medium,Open,High,security,False,,,,LucoMoro/Scraped_CRs,https://github.com/LucoMoro/Scraped_CRs,https://github.com/LucoMoro/Scraped_CRs/blob/b0f8574362e0a964c7b2c70bf09f6f87d90c4659/after_crs/after_CR_43713-2.java#L544,https://semgrep.dev/orgs/lucamorelli/findings/171621722,2025-04-15 22:28:14.198311,2025-04-27 10:19:23.309856,refs/heads/main,,,,"Cipher in ECB mode is detected. ECB mode produces the same output for the same input each time which allows an attacker to intercept and replay the data. Further, ECB mode does not provide any integrity checking. See https://find-sec-bugs.github.io/bugs.htm#CIPHER_INTEGRITY."
171621721,java.lang.security.audit.crypto.ecb-cipher.ecb-cipher,Code,Medium,Open,High,security,False,,,,LucoMoro/Scraped_CRs,https://github.com/LucoMoro/Scraped_CRs,https://github.com/LucoMoro/Scraped_CRs/blob/b0f8574362e0a964c7b2c70bf09f6f87d90c4659/after_crs/after_CR_43713-2.java#L570,https://semgrep.dev/orgs/lucamorelli/findings/171621721,2025-04-15 22:28:14.198285,2025-04-27 10:19:23.309856,refs/heads/main,,,,"Cipher in ECB mode is detected. ECB mode produces the same output for the same input each time which allows an attacker to intercept and replay the data. Further, ECB mode does not provide any integrity checking. See https://find-sec-bugs.github.io/bugs.htm#CIPHER_INTEGRITY."
171621716,java.lang.security.audit.crypto.ecb-cipher.ecb-cipher,Code,Medium,Open,High,security,False,,,,LucoMoro/Scraped_CRs,https://github.com/LucoMoro/Scraped_CRs,https://github.com/LucoMoro/Scraped_CRs/blob/b0f8574362e0a964c7b2c70bf09f6f87d90c4659/after_crs/after_CR_43713-5.java#L382,https://semgrep.dev/orgs/lucamorelli/findings/171621716,2025-04-15 22:28:14.198153,2025-04-27 10:19:23.309856,refs/heads/main,,,,"Cipher in ECB mode is detected. ECB mode produces the same output for the same input each time which allows an attacker to intercept and replay the data. Further, ECB mode does not provide any integrity checking. See https://find-sec-bugs.github.io/bugs.htm#CIPHER_INTEGRITY."
171621713,java.lang.security.audit.crypto.ecb-cipher.ecb-cipher,Code,Medium,Open,High,security,False,,,,LucoMoro/Scraped_CRs,https://github.com/LucoMoro/Scraped_CRs,https://github.com/LucoMoro/Scraped_CRs/blob/b0f8574362e0a964c7b2c70bf09f6f87d90c4659/after_crs/after_CR_43713-6.java#L389,https://semgrep.dev/orgs/lucamorelli/findings/171621713,2025-04-15 22:28:14.198075,2025-04-27 10:19:23.309856,refs/heads/main,,,,"Cipher in ECB mode is detected. ECB mode produces the same output for the same input each time which allows an attacker to intercept and replay the data. Further, ECB mode does not provide any integrity checking. See https://find-sec-bugs.github.io/bugs.htm#CIPHER_INTEGRITY."
171621709,java.lang.security.audit.crypto.ecb-cipher.ecb-cipher,Code,Medium,Open,High,security,False,,,,LucoMoro/Scraped_CRs,https://github.com/LucoMoro/Scraped_CRs,https://github.com/LucoMoro/Scraped_CRs/blob/b0f8574362e0a964c7b2c70bf09f6f87d90c4659/after_crs/after_CR_43713-7.java#L753,https://semgrep.dev/orgs/lucamorelli/findings/171621709,2025-04-15 22:28:14.197969,2025-04-27 10:19:23.309856,refs/heads/main,,,,"Cipher in ECB mode is detected. ECB mode produces the same output for the same input each time which allows an attacker to intercept and replay the data. Further, ECB mode does not provide any integrity checking. See https://find-sec-bugs.github.io/bugs.htm#CIPHER_INTEGRITY."
171436180,java.lang.security.audit.crypto.ecb-cipher.ecb-cipher,Code,Medium,Open,High,security,False,,,,LucoMoro/Scraped_CRs,https://github.com/LucoMoro/Scraped_CRs,https://github.com/LucoMoro/Scraped_CRs/blob/b0f8574362e0a964c7b2c70bf09f6f87d90c4659/after_crs/after_CR_40380-1.java#L962,https://semgrep.dev/orgs/lucamorelli/findings/171436180,2025-04-15 14:37:24.781429,2025-04-27 10:19:23.309856,refs/heads/main,,,,"Cipher in ECB mode is detected. ECB mode produces the same output for the same input each time which allows an attacker to intercept and replay the data. Further, ECB mode does not provide any integrity checking. See https://find-sec-bugs.github.io/bugs.htm#CIPHER_INTEGRITY."
171436179,java.lang.security.audit.crypto.ecb-cipher.ecb-cipher,Code,Medium,Open,High,security,False,,,,LucoMoro/Scraped_CRs,https://github.com/LucoMoro/Scraped_CRs,https://github.com/LucoMoro/Scraped_CRs/blob/b0f8574362e0a964c7b2c70bf09f6f87d90c4659/after_crs/after_CR_40380-1.java#L1011,https://semgrep.dev/orgs/lucamorelli/findings/171436179,2025-04-15 14:37:24.781412,2025-04-27 10:19:23.309856,refs/heads/main,,,,"Cipher in ECB mode is detected. ECB mode produces the same output for the same input each time which allows an attacker to intercept and replay the data. Further, ECB mode does not provide any integrity checking. See https://find-sec-bugs.github.io/bugs.htm#CIPHER_INTEGRITY."
171436169,java.lang.security.audit.crypto.ecb-cipher.ecb-cipher,Code,Medium,Open,High,security,False,,,,LucoMoro/Scraped_CRs,https://github.com/LucoMoro/Scraped_CRs,https://github.com/LucoMoro/Scraped_CRs/blob/b0f8574362e0a964c7b2c70bf09f6f87d90c4659/after_crs/after_CR_43713-2.java#L233,https://semgrep.dev/orgs/lucamorelli/findings/171436169,2025-04-15 14:37:24.781267,2025-04-27 10:19:23.309856,refs/heads/main,,,,"Cipher in ECB mode is detected. ECB mode produces the same output for the same input each time which allows an attacker to intercept and replay the data. Further, ECB mode does not provide any integrity checking. See https://find-sec-bugs.github.io/bugs.htm#CIPHER_INTEGRITY."
171436163,java.lang.security.audit.crypto.ecb-cipher.ecb-cipher,Code,Medium,Open,High,security,False,,,,LucoMoro/Scraped_CRs,https://github.com/LucoMoro/Scraped_CRs,https://github.com/LucoMoro/Scraped_CRs/blob/b0f8574362e0a964c7b2c70bf09f6f87d90c4659/after_crs/after_CR_43713-3.java#L582,https://semgrep.dev/orgs/lucamorelli/findings/171436163,2025-04-15 14:37:24.781170,2025-04-27 10:19:23.309856,refs/heads/main,,,,"Cipher in ECB mode is detected. ECB mode produces the same output for the same input each time which allows an attacker to intercept and replay the data. Further, ECB mode does not provide any integrity checking. See https://find-sec-bugs.github.io/bugs.htm#CIPHER_INTEGRITY."
171436160,java.lang.security.audit.crypto.ecb-cipher.ecb-cipher,Code,Medium,Open,High,security,False,,,,LucoMoro/Scraped_CRs,https://github.com/LucoMoro/Scraped_CRs,https://github.com/LucoMoro/Scraped_CRs/blob/b0f8574362e0a964c7b2c70bf09f6f87d90c4659/after_crs/after_CR_43713-4.java#L359,https://semgrep.dev/orgs/lucamorelli/findings/171436160,2025-04-15 14:37:24.781122,2025-04-27 10:19:23.309856,refs/heads/main,,,,"Cipher in ECB mode is detected. ECB mode produces the same output for the same input each time which allows an attacker to intercept and replay the data. Further, ECB mode does not provide any integrity checking. See https://find-sec-bugs.github.io/bugs.htm#CIPHER_INTEGRITY."
171436144,java.lang.security.audit.crypto.ecb-cipher.ecb-cipher,Code,Medium,Open,High,security,False,,,,LucoMoro/Scraped_CRs,https://github.com/LucoMoro/Scraped_CRs,https://github.com/LucoMoro/Scraped_CRs/blob/b0f8574362e0a964c7b2c70bf09f6f87d90c4659/after_crs/after_CR_43713-7.java#L419,https://semgrep.dev/orgs/lucamorelli/findings/171436144,2025-04-15 14:37:24.780860,2025-04-27 10:19:23.309856,refs/heads/main,,,,"Cipher in ECB mode is detected. ECB mode produces the same output for the same input each time which allows an attacker to intercept and replay the data. Further, ECB mode does not provide any integrity checking. See https://find-sec-bugs.github.io/bugs.htm#CIPHER_INTEGRITY."
171436136,java.lang.security.audit.crypto.ecb-cipher.ecb-cipher,Code,Medium,Open,High,security,False,,,,LucoMoro/Scraped_CRs,https://github.com/LucoMoro/Scraped_CRs,https://github.com/LucoMoro/Scraped_CRs/blob/b0f8574362e0a964c7b2c70bf09f6f87d90c4659/after_crs/after_CR_43713-8.java#L753,https://semgrep.dev/orgs/lucamorelli/findings/171436136,2025-04-15 14:37:24.780730,2025-04-27 10:19:23.309856,refs/heads/main,,,,"Cipher in ECB mode is detected. ECB mode produces the same output for the same input each time which allows an attacker to intercept and replay the data. Further, ECB mode does not provide any integrity checking. See https://find-sec-bugs.github.io/bugs.htm#CIPHER_INTEGRITY."
171436135,java.lang.security.audit.crypto.ecb-cipher.ecb-cipher,Code,Medium,Open,High,security,False,,,,LucoMoro/Scraped_CRs,https://github.com/LucoMoro/Scraped_CRs,https://github.com/LucoMoro/Scraped_CRs/blob/b0f8574362e0a964c7b2c70bf09f6f87d90c4659/after_crs/after_CR_51101-1.java#L53,https://semgrep.dev/orgs/lucamorelli/findings/171436135,2025-04-15 14:37:24.780714,2025-04-27 10:19:23.309856,refs/heads/main,,,,"Cipher in ECB mode is detected. ECB mode produces the same output for the same input each time which allows an attacker to intercept and replay the data. Further, ECB mode does not provide any integrity checking. See https://find-sec-bugs.github.io/bugs.htm#CIPHER_INTEGRITY."
171436134,java.lang.security.audit.crypto.ecb-cipher.ecb-cipher,Code,Medium,Open,High,security,False,,,,LucoMoro/Scraped_CRs,https://github.com/LucoMoro/Scraped_CRs,https://github.com/LucoMoro/Scraped_CRs/blob/b0f8574362e0a964c7b2c70bf09f6f87d90c4659/after_crs/after_CR_51101-2.java#L53,https://semgrep.dev/orgs/lucamorelli/findings/171436134,2025-04-15 14:37:24.780697,2025-04-27 10:19:23.309856,refs/heads/main,,,,"Cipher in ECB mode is detected. ECB mode produces the same output for the same input each time which allows an attacker to intercept and replay the data. Further, ECB mode does not provide any integrity checking. See https://find-sec-bugs.github.io/bugs.htm#CIPHER_INTEGRITY."
171436115,java.lang.security.audit.crypto.use-of-aes-ecb.use-of-aes-ecb,Code,Medium,Open,High,security,False,,,,LucoMoro/Scraped_CRs,https://github.com/LucoMoro/Scraped_CRs,https://github.com/LucoMoro/Scraped_CRs/blob/b0f8574362e0a964c7b2c70bf09f6f87d90c4659/after_crs/after_CR_43713-1.java#L501,https://semgrep.dev/orgs/lucamorelli/findings/171436115,2025-04-15 14:37:24.780375,2025-04-27 10:19:23.309856,refs/heads/main,,,,"Use of AES with ECB mode detected. ECB doesn't provide message confidentiality and  is not semantically secure so should not be used. Instead, use a strong, secure cipher: Cipher.getInstance(""AES/CBC/PKCS7PADDING""). See https://owasp.org/www-community/Using_the_Java_Cryptographic_Extensions for more information."
171436112,java.lang.security.audit.crypto.use-of-aes-ecb.use-of-aes-ecb,Code,Medium,Open,High,security,False,,,,LucoMoro/Scraped_CRs,https://github.com/LucoMoro/Scraped_CRs,https://github.com/LucoMoro/Scraped_CRs/blob/b0f8574362e0a964c7b2c70bf09f6f87d90c4659/after_crs/after_CR_43713-2.java#L544,https://semgrep.dev/orgs/lucamorelli/findings/171436112,2025-04-15 14:37:24.780325,2025-04-27 10:19:23.309856,refs/heads/main,,,,"Use of AES with ECB mode detected. ECB doesn't provide message confidentiality and  is not semantically secure so should not be used. Instead, use a strong, secure cipher: Cipher.getInstance(""AES/CBC/PKCS7PADDING""). See https://owasp.org/www-community/Using_the_Java_Cryptographic_Extensions for more information."
171436109,java.lang.security.audit.crypto.use-of-aes-ecb.use-of-aes-ecb,Code,Medium,Open,High,security,False,,,,LucoMoro/Scraped_CRs,https://github.com/LucoMoro/Scraped_CRs,https://github.com/LucoMoro/Scraped_CRs/blob/b0f8574362e0a964c7b2c70bf09f6f87d90c4659/after_crs/after_CR_43713-3.java#L582,https://semgrep.dev/orgs/lucamorelli/findings/171436109,2025-04-15 14:37:24.780275,2025-04-27 10:19:23.309856,refs/heads/main,,,,"Use of AES with ECB mode detected. ECB doesn't provide message confidentiality and  is not semantically secure so should not be used. Instead, use a strong, secure cipher: Cipher.getInstance(""AES/CBC/PKCS7PADDING""). See https://owasp.org/www-community/Using_the_Java_Cryptographic_Extensions for more information."
171377518,java.lang.security.audit.crypto.ecb-cipher.ecb-cipher,Code,Medium,Open,High,security,False,,,,LucoMoro/Scraped_CRs,https://github.com/LucoMoro/Scraped_CRs,https://github.com/LucoMoro/Scraped_CRs/blob/b0f8574362e0a964c7b2c70bf09f6f87d90c4659/before_crs/before_CR_43713-1.java#L179,https://semgrep.dev/orgs/lucamorelli/findings/171377518,2025-04-15 13:04:08.639176,2025-04-27 10:19:23.309856,refs/heads/main,,,,"Cipher in ECB mode is detected. ECB mode produces the same output for the same input each time which allows an attacker to intercept and replay the data. Further, ECB mode does not provide any integrity checking. See https://find-sec-bugs.github.io/bugs.htm#CIPHER_INTEGRITY."
171377509,java.lang.security.audit.crypto.ecb-cipher.ecb-cipher,Code,Medium,Open,High,security,False,,,,LucoMoro/Scraped_CRs,https://github.com/LucoMoro/Scraped_CRs,https://github.com/LucoMoro/Scraped_CRs/blob/b0f8574362e0a964c7b2c70bf09f6f87d90c4659/before_crs/before_CR_43713-6.java#L261,https://semgrep.dev/orgs/lucamorelli/findings/171377509,2025-04-15 13:04:08.639030,2025-04-27 10:19:23.309856,refs/heads/main,,,,"Cipher in ECB mode is detected. ECB mode produces the same output for the same input each time which allows an attacker to intercept and replay the data. Further, ECB mode does not provide any integrity checking. See https://find-sec-bugs.github.io/bugs.htm#CIPHER_INTEGRITY."
171377506,java.lang.security.audit.crypto.ecb-cipher.ecb-cipher,Code,Medium,Open,High,security,False,,,,LucoMoro/Scraped_CRs,https://github.com/LucoMoro/Scraped_CRs,https://github.com/LucoMoro/Scraped_CRs/blob/b0f8574362e0a964c7b2c70bf09f6f87d90c4659/before_crs/before_CR_43713-8.java#L247,https://semgrep.dev/orgs/lucamorelli/findings/171377506,2025-04-15 13:04:08.638982,2025-04-27 10:19:23.309856,refs/heads/main,,,,"Cipher in ECB mode is detected. ECB mode produces the same output for the same input each time which allows an attacker to intercept and replay the data. Further, ECB mode does not provide any integrity checking. See https://find-sec-bugs.github.io/bugs.htm#CIPHER_INTEGRITY."
171621720,java.lang.security.audit.crypto.ecb-cipher.ecb-cipher,Code,Medium,Open,High,security,False,,,,LucoMoro/Scraped_CRs,https://github.com/LucoMoro/Scraped_CRs,https://github.com/LucoMoro/Scraped_CRs/blob/b0f8574362e0a964c7b2c70bf09f6f87d90c4659/after_crs/after_CR_43713-3.java#L319,https://semgrep.dev/orgs/lucamorelli/findings/171621720,2025-04-15 22:28:14.198258,2025-04-26 22:26:54.099585,refs/heads/main,,,,"Cipher in ECB mode is detected. ECB mode produces the same output for the same input each time which allows an attacker to intercept and replay the data. Further, ECB mode does not provide any integrity checking. See https://find-sec-bugs.github.io/bugs.htm#CIPHER_INTEGRITY."
171621701,java.lang.security.audit.crypto.ecb-cipher.ecb-cipher,Code,Medium,Open,High,security,False,,,,LucoMoro/Scraped_CRs,https://github.com/LucoMoro/Scraped_CRs,https://github.com/LucoMoro/Scraped_CRs/blob/b0f8574362e0a964c7b2c70bf09f6f87d90c4659/before_crs/before_CR_43713-8.java#L260,https://semgrep.dev/orgs/lucamorelli/findings/171621701,2025-04-15 22:28:14.197727,2025-04-26 22:26:54.099585,refs/heads/main,,,,"Cipher in ECB mode is detected. ECB mode produces the same output for the same input each time which allows an attacker to intercept and replay the data. Further, ECB mode does not provide any integrity checking. See https://find-sec-bugs.github.io/bugs.htm#CIPHER_INTEGRITY."
171436182,java.lang.security.audit.crypto.ecb-cipher.ecb-cipher,Code,Medium,Open,High,security,False,,,,LucoMoro/Scraped_CRs,https://github.com/LucoMoro/Scraped_CRs,https://github.com/LucoMoro/Scraped_CRs/blob/b0f8574362e0a964c7b2c70bf09f6f87d90c4659/after_crs/after_CR_40380-1.java#L939,https://semgrep.dev/orgs/lucamorelli/findings/171436182,2025-04-15 14:37:24.781461,2025-04-26 22:26:54.099585,refs/heads/main,,,,"Cipher in ECB mode is detected. ECB mode produces the same output for the same input each time which allows an attacker to intercept and replay the data. Further, ECB mode does not provide any integrity checking. See https://find-sec-bugs.github.io/bugs.htm#CIPHER_INTEGRITY."
171436153,java.lang.security.audit.crypto.ecb-cipher.ecb-cipher,Code,Medium,Open,High,security,False,,,,LucoMoro/Scraped_CRs,https://github.com/LucoMoro/Scraped_CRs,https://github.com/LucoMoro/Scraped_CRs/blob/b0f8574362e0a964c7b2c70bf09f6f87d90c4659/after_crs/after_CR_43713-5.java#L659,https://semgrep.dev/orgs/lucamorelli/findings/171436153,2025-04-15 14:37:24.781007,2025-04-26 22:26:54.099585,refs/heads/main,,,,"Cipher in ECB mode is detected. ECB mode produces the same output for the same input each time which allows an attacker to intercept and replay the data. Further, ECB mode does not provide any integrity checking. See https://find-sec-bugs.github.io/bugs.htm#CIPHER_INTEGRITY."
171436137,java.lang.security.audit.crypto.ecb-cipher.ecb-cipher,Code,Medium,Open,High,security,False,,,,LucoMoro/Scraped_CRs,https://github.com/LucoMoro/Scraped_CRs,https://github.com/LucoMoro/Scraped_CRs/blob/b0f8574362e0a964c7b2c70bf09f6f87d90c4659/after_crs/after_CR_43713-8.java#L727,https://semgrep.dev/orgs/lucamorelli/findings/171436137,2025-04-15 14:37:24.780746,2025-04-26 22:26:54.099585,refs/heads/main,,,,"Cipher in ECB mode is detected. ECB mode produces the same output for the same input each time which allows an attacker to intercept and replay the data. Further, ECB mode does not provide any integrity checking. See https://find-sec-bugs.github.io/bugs.htm#CIPHER_INTEGRITY."
171436133,java.lang.security.audit.crypto.ecb-cipher.ecb-cipher,Code,Medium,Open,High,security,False,,,,LucoMoro/Scraped_CRs,https://github.com/LucoMoro/Scraped_CRs,https://github.com/LucoMoro/Scraped_CRs/blob/b0f8574362e0a964c7b2c70bf09f6f87d90c4659/before_crs/before_CR_43713-3.java#L210,https://semgrep.dev/orgs/lucamorelli/findings/171436133,2025-04-15 14:37:24.780681,2025-04-26 22:26:54.099585,refs/heads/main,,,,"Cipher in ECB mode is detected. ECB mode produces the same output for the same input each time which allows an attacker to intercept and replay the data. Further, ECB mode does not provide any integrity checking. See https://find-sec-bugs.github.io/bugs.htm#CIPHER_INTEGRITY."
171377510,java.lang.security.audit.crypto.ecb-cipher.ecb-cipher,Code,Medium,Open,High,security,False,,,,LucoMoro/Scraped_CRs,https://github.com/LucoMoro/Scraped_CRs,https://github.com/LucoMoro/Scraped_CRs/blob/b0f8574362e0a964c7b2c70bf09f6f87d90c4659/before_crs/before_CR_43713-6.java#L248,https://semgrep.dev/orgs/lucamorelli/findings/171377510,2025-04-15 13:04:08.639047,2025-04-26 22:26:54.099585,refs/heads/main,,,,"Cipher in ECB mode is detected. ECB mode produces the same output for the same input each time which allows an attacker to intercept and replay the data. Further, ECB mode does not provide any integrity checking. See https://find-sec-bugs.github.io/bugs.htm#CIPHER_INTEGRITY."
171436172,java.lang.security.audit.crypto.ecb-cipher.ecb-cipher,Code,Medium,Open,High,security,False,,,,LucoMoro/Scraped_CRs,https://github.com/LucoMoro/Scraped_CRs,https://github.com/LucoMoro/Scraped_CRs/blob/b0f8574362e0a964c7b2c70bf09f6f87d90c4659/after_crs/after_CR_43713-1.java#L501,https://semgrep.dev/orgs/lucamorelli/findings/171436172,2025-04-15 14:37:24.781316,2025-04-25 22:29:36.558313,refs/heads/main,,,,"Cipher in ECB mode is detected. ECB mode produces the same output for the same input each time which allows an attacker to intercept and replay the data. Further, ECB mode does not provide any integrity checking. See https://find-sec-bugs.github.io/bugs.htm#CIPHER_INTEGRITY."
171436165,java.lang.security.audit.crypto.ecb-cipher.ecb-cipher,Code,Medium,Open,High,security,False,,,,LucoMoro/Scraped_CRs,https://github.com/LucoMoro/Scraped_CRs,https://github.com/LucoMoro/Scraped_CRs/blob/b0f8574362e0a964c7b2c70bf09f6f87d90c4659/after_crs/after_CR_43713-3.java#L305,https://semgrep.dev/orgs/lucamorelli/findings/171436165,2025-04-15 14:37:24.781202,2025-04-25 22:29:36.558313,refs/heads/main,,,,"Cipher in ECB mode is detected. ECB mode produces the same output for the same input each time which allows an attacker to intercept and replay the data. Further, ECB mode does not provide any integrity checking. See https://find-sec-bugs.github.io/bugs.htm#CIPHER_INTEGRITY."
171436154,java.lang.security.audit.crypto.ecb-cipher.ecb-cipher,Code,Medium,Open,High,security,False,,,,LucoMoro/Scraped_CRs,https://github.com/LucoMoro/Scraped_CRs,https://github.com/LucoMoro/Scraped_CRs/blob/b0f8574362e0a964c7b2c70bf09f6f87d90c4659/after_crs/after_CR_43713-5.java#L396,https://semgrep.dev/orgs/lucamorelli/findings/171436154,2025-04-15 14:37:24.781023,2025-04-25 22:29:36.558313,refs/heads/main,,,,"Cipher in ECB mode is detected. ECB mode produces the same output for the same input each time which allows an attacker to intercept and replay the data. Further, ECB mode does not provide any integrity checking. See https://find-sec-bugs.github.io/bugs.htm#CIPHER_INTEGRITY."
171436099,java.lang.security.audit.crypto.use-of-aes-ecb.use-of-aes-ecb,Code,Medium,Open,High,security,False,,,,LucoMoro/Scraped_CRs,https://github.com/LucoMoro/Scraped_CRs,https://github.com/LucoMoro/Scraped_CRs/blob/b0f8574362e0a964c7b2c70bf09f6f87d90c4659/after_crs/after_CR_43713-6.java#L652,https://semgrep.dev/orgs/lucamorelli/findings/171436099,2025-04-15 14:37:24.780106,2025-04-25 22:29:36.558313,refs/heads/main,,,,"Use of AES with ECB mode detected. ECB doesn't provide message confidentiality and  is not semantically secure so should not be used. Instead, use a strong, secure cipher: Cipher.getInstance(""AES/CBC/PKCS7PADDING""). See https://owasp.org/www-community/Using_the_Java_Cryptographic_Extensions for more information."
171621693,java.lang.security.audit.crypto.use-of-aes-ecb.use-of-aes-ecb,Code,Medium,Open,High,security,False,,,,LucoMoro/Scraped_CRs,https://github.com/LucoMoro/Scraped_CRs,https://github.com/LucoMoro/Scraped_CRs/blob/b0f8574362e0a964c7b2c70bf09f6f87d90c4659/after_crs/after_CR_43713-8.java#L727,https://semgrep.dev/orgs/lucamorelli/findings/171621693,2025-04-15 22:28:14.197513,2025-04-24 22:29:59.831221,refs/heads/main,,,,"Use of AES with ECB mode detected. ECB doesn't provide message confidentiality and  is not semantically secure so should not be used. Instead, use a strong, secure cipher: Cipher.getInstance(""AES/CBC/PKCS7PADDING""). See https://owasp.org/www-community/Using_the_Java_Cryptographic_Extensions for more information."
171436142,java.lang.security.audit.crypto.ecb-cipher.ecb-cipher,Code,Medium,Open,High,security,False,,,,LucoMoro/Scraped_CRs,https://github.com/LucoMoro/Scraped_CRs,https://github.com/LucoMoro/Scraped_CRs/blob/b0f8574362e0a964c7b2c70bf09f6f87d90c4659/after_crs/after_CR_43713-7.java#L727,https://semgrep.dev/orgs/lucamorelli/findings/171436142,2025-04-15 14:37:24.780827,2025-04-24 22:29:59.831221,refs/heads/main,,,,"Cipher in ECB mode is detected. ECB mode produces the same output for the same input each time which allows an attacker to intercept and replay the data. Further, ECB mode does not provide any integrity checking. See https://find-sec-bugs.github.io/bugs.htm#CIPHER_INTEGRITY."
171436096,java.lang.security.audit.crypto.use-of-aes-ecb.use-of-aes-ecb,Code,Medium,Open,High,security,False,,,,LucoMoro/Scraped_CRs,https://github.com/LucoMoro/Scraped_CRs,https://github.com/LucoMoro/Scraped_CRs/blob/b0f8574362e0a964c7b2c70bf09f6f87d90c4659/after_crs/after_CR_43713-7.java#L727,https://semgrep.dev/orgs/lucamorelli/findings/171436096,2025-04-15 14:37:24.780053,2025-04-24 22:29:59.831221,refs/heads/main,,,,"Use of AES with ECB mode detected. ECB doesn't provide message confidentiality and  is not semantically secure so should not be used. Instead, use a strong, secure cipher: Cipher.getInstance(""AES/CBC/PKCS7PADDING""). See https://owasp.org/www-community/Using_the_Java_Cryptographic_Extensions for more information."
171621700,java.lang.security.audit.crypto.use-of-aes-ecb.use-of-aes-ecb,Code,Medium,Open,High,security,False,,,,LucoMoro/Scraped_CRs,https://github.com/LucoMoro/Scraped_CRs,https://github.com/LucoMoro/Scraped_CRs/blob/b0f8574362e0a964c7b2c70bf09f6f87d90c4659/after_crs/after_CR_43713-1.java#L549,https://semgrep.dev/orgs/lucamorelli/findings/171621700,2025-04-15 22:28:14.197701,2025-04-23 22:28:50.919538,refs/heads/main,,,,"Use of AES with ECB mode detected. ECB doesn't provide message confidentiality and  is not semantically secure so should not be used. Instead, use a strong, secure cipher: Cipher.getInstance(""AES/CBC/PKCS7PADDING""). See https://owasp.org/www-community/Using_the_Java_Cryptographic_Extensions for more information."
171436183,java.lang.security.audit.crypto.ecb-cipher.ecb-cipher,Code,Medium,Open,High,security,False,,,,LucoMoro/Scraped_CRs,https://github.com/LucoMoro/Scraped_CRs,https://github.com/LucoMoro/Scraped_CRs/blob/b0f8574362e0a964c7b2c70bf09f6f87d90c4659/after_crs/after_CR_40380-1.java#L912,https://semgrep.dev/orgs/lucamorelli/findings/171436183,2025-04-15 14:37:24.781477,2025-04-23 22:28:50.919538,refs/heads/main,,,,"Cipher in ECB mode is detected. ECB mode produces the same output for the same input each time which allows an attacker to intercept and replay the data. Further, ECB mode does not provide any integrity checking. See https://find-sec-bugs.github.io/bugs.htm#CIPHER_INTEGRITY."
171436152,java.lang.security.audit.crypto.ecb-cipher.ecb-cipher,Code,Medium,Open,High,security,False,,,,LucoMoro/Scraped_CRs,https://github.com/LucoMoro/Scraped_CRs,https://github.com/LucoMoro/Scraped_CRs/blob/b0f8574362e0a964c7b2c70bf09f6f87d90c4659/after_crs/after_CR_43713-5.java#L733,https://semgrep.dev/orgs/lucamorelli/findings/171436152,2025-04-15 14:37:24.780991,2025-04-23 22:28:50.919538,refs/heads/main,,,,"Cipher in ECB mode is detected. ECB mode produces the same output for the same input each time which allows an attacker to intercept and replay the data. Further, ECB mode does not provide any integrity checking. See https://find-sec-bugs.github.io/bugs.htm#CIPHER_INTEGRITY."
171436106,java.lang.security.audit.crypto.use-of-aes-ecb.use-of-aes-ecb,Code,Medium,Open,High,security,False,,,,LucoMoro/Scraped_CRs,https://github.com/LucoMoro/Scraped_CRs,https://github.com/LucoMoro/Scraped_CRs/blob/b0f8574362e0a964c7b2c70bf09f6f87d90c4659/after_crs/after_CR_43713-4.java#L710,https://semgrep.dev/orgs/lucamorelli/findings/171436106,2025-04-15 14:37:24.780224,2025-04-23 22:28:50.919538,refs/heads/main,,,,"Use of AES with ECB mode detected. ECB doesn't provide message confidentiality and  is not semantically secure so should not be used. Instead, use a strong, secure cipher: Cipher.getInstance(""AES/CBC/PKCS7PADDING""). See https://owasp.org/www-community/Using_the_Java_Cryptographic_Extensions for more information."
171621715,java.lang.security.audit.crypto.ecb-cipher.ecb-cipher,Code,Medium,Open,High,security,False,,,,LucoMoro/Scraped_CRs,https://github.com/LucoMoro/Scraped_CRs,https://github.com/LucoMoro/Scraped_CRs/blob/b0f8574362e0a964c7b2c70bf09f6f87d90c4659/after_crs/after_CR_43713-5.java#L707,https://semgrep.dev/orgs/lucamorelli/findings/171621715,2025-04-15 22:28:14.198127,2025-04-22 22:28:34.797537,refs/heads/main,,,,"Cipher in ECB mode is detected. ECB mode produces the same output for the same input each time which allows an attacker to intercept and replay the data. Further, ECB mode does not provide any integrity checking. See https://find-sec-bugs.github.io/bugs.htm#CIPHER_INTEGRITY."
171436185,java.lang.security.audit.crypto.ecb-cipher.ecb-cipher,Code,Medium,Open,High,security,False,,,,LucoMoro/Scraped_CRs,https://github.com/LucoMoro/Scraped_CRs,https://github.com/LucoMoro/Scraped_CRs/blob/b0f8574362e0a964c7b2c70bf09f6f87d90c4659/after_crs/after_CR_40380-1.java#L807,https://semgrep.dev/orgs/lucamorelli/findings/171436185,2025-04-15 14:37:24.781509,2025-04-21 22:28:47.373086,refs/heads/main,,,,"Cipher in ECB mode is detected. ECB mode produces the same output for the same input each time which allows an attacker to intercept and replay the data. Further, ECB mode does not provide any integrity checking. See https://find-sec-bugs.github.io/bugs.htm#CIPHER_INTEGRITY."
171436184,java.lang.security.audit.crypto.ecb-cipher.ecb-cipher,Code,Medium,Open,High,security,False,,,,LucoMoro/Scraped_CRs,https://github.com/LucoMoro/Scraped_CRs,https://github.com/LucoMoro/Scraped_CRs/blob/b0f8574362e0a964c7b2c70bf09f6f87d90c4659/after_crs/after_CR_40380-1.java#L887,https://semgrep.dev/orgs/lucamorelli/findings/171436184,2025-04-15 14:37:24.781493,2025-04-21 22:28:47.373086,refs/heads/main,,,,"Cipher in ECB mode is detected. ECB mode produces the same output for the same input each time which allows an attacker to intercept and replay the data. Further, ECB mode does not provide any integrity checking. See https://find-sec-bugs.github.io/bugs.htm#CIPHER_INTEGRITY."
171377515,java.lang.security.audit.crypto.ecb-cipher.ecb-cipher,Code,Medium,Open,High,security,False,,,,LucoMoro/Scraped_CRs,https://github.com/LucoMoro/Scraped_CRs,https://github.com/LucoMoro/Scraped_CRs/blob/b0f8574362e0a964c7b2c70bf09f6f87d90c4659/before_crs/before_CR_43713-3.java#L223,https://semgrep.dev/orgs/lucamorelli/findings/171377515,2025-04-15 13:04:08.639128,2025-04-21 22:28:47.373086,refs/heads/main,,,,"Cipher in ECB mode is detected. ECB mode produces the same output for the same input each time which allows an attacker to intercept and replay the data. Further, ECB mode does not provide any integrity checking. See https://find-sec-bugs.github.io/bugs.htm#CIPHER_INTEGRITY."
171436097,java.lang.security.audit.crypto.use-of-aes-ecb.use-of-aes-ecb,Code,Medium,Open,High,security,False,,,,LucoMoro/Scraped_CRs,https://github.com/LucoMoro/Scraped_CRs,https://github.com/LucoMoro/Scraped_CRs/blob/b0f8574362e0a964c7b2c70bf09f6f87d90c4659/after_crs/after_CR_43713-7.java#L679,https://semgrep.dev/orgs/lucamorelli/findings/171436097,2025-04-15 14:37:24.780071,2025-04-20 22:28:11.957871,refs/heads/main,,,,"Use of AES with ECB mode detected. ECB doesn't provide message confidentiality and  is not semantically secure so should not be used. Instead, use a strong, secure cipher: Cipher.getInstance(""AES/CBC/PKCS7PADDING""). See https://owasp.org/www-community/Using_the_Java_Cryptographic_Extensions for more information."
171436170,java.lang.security.audit.crypto.ecb-cipher.ecb-cipher,Code,Medium,Open,High,security,False,,,,LucoMoro/Scraped_CRs,https://github.com/LucoMoro/Scraped_CRs,https://github.com/LucoMoro/Scraped_CRs/blob/b0f8574362e0a964c7b2c70bf09f6f87d90c4659/after_crs/after_CR_43713-1.java#L549,https://semgrep.dev/orgs/lucamorelli/findings/171436170,2025-04-15 14:37:24.781284,2025-04-19 22:27:04.204057,refs/heads/main,,,,"Cipher in ECB mode is detected. ECB mode produces the same output for the same input each time which allows an attacker to intercept and replay the data. Further, ECB mode does not provide any integrity checking. See https://find-sec-bugs.github.io/bugs.htm#CIPHER_INTEGRITY."
171436131,java.lang.security.audit.crypto.ecb-cipher.ecb-cipher,Code,Medium,Open,High,security,False,,,,LucoMoro/Scraped_CRs,https://github.com/LucoMoro/Scraped_CRs,https://github.com/LucoMoro/Scraped_CRs/blob/b0f8574362e0a964c7b2c70bf09f6f87d90c4659/before_crs/before_CR_43713-5.java#L248,https://semgrep.dev/orgs/lucamorelli/findings/171436131,2025-04-15 14:37:24.780648,2025-04-19 22:27:04.204057,refs/heads/main,,,,"Cipher in ECB mode is detected. ECB mode produces the same output for the same input each time which allows an attacker to intercept and replay the data. Further, ECB mode does not provide any integrity checking. See https://find-sec-bugs.github.io/bugs.htm#CIPHER_INTEGRITY."
171621712,java.lang.security.audit.crypto.ecb-cipher.ecb-cipher,Code,Medium,Open,High,security,False,,,,LucoMoro/Scraped_CRs,https://github.com/LucoMoro/Scraped_CRs,https://github.com/LucoMoro/Scraped_CRs/blob/b0f8574362e0a964c7b2c70bf09f6f87d90c4659/after_crs/after_CR_43713-6.java#L700,https://semgrep.dev/orgs/lucamorelli/findings/171621712,2025-04-15 22:28:14.198048,2025-04-15 22:28:14.182579,refs/heads/main,,,,"Cipher in ECB mode is detected. ECB mode produces the same output for the same input each time which allows an attacker to intercept and replay the data. Further, ECB mode does not provide any integrity checking. See https://find-sec-bugs.github.io/bugs.htm#CIPHER_INTEGRITY."
171621694,java.lang.security.audit.crypto.use-of-aes-ecb.use-of-aes-ecb,Code,Medium,Open,High,security,False,,,,LucoMoro/Scraped_CRs,https://github.com/LucoMoro/Scraped_CRs,https://github.com/LucoMoro/Scraped_CRs/blob/b0f8574362e0a964c7b2c70bf09f6f87d90c4659/after_crs/after_CR_43713-8.java#L679,https://semgrep.dev/orgs/lucamorelli/findings/171621694,2025-04-15 22:28:14.197541,2025-04-15 22:28:14.182417,refs/heads/main,,,,"Use of AES with ECB mode detected. ECB doesn't provide message confidentiality and  is not semantically secure so should not be used. Instead, use a strong, secure cipher: Cipher.getInstance(""AES/CBC/PKCS7PADDING""). See https://owasp.org/www-community/Using_the_Java_Cryptographic_Extensions for more information."
171436194,java.lang.security.audit.crypto.des-is-deprecated.des-is-deprecated,Code,Medium,Open,High,security,False,,,,LucoMoro/Scraped_CRs,https://github.com/LucoMoro/Scraped_CRs,https://github.com/LucoMoro/Scraped_CRs/blob/b0f8574362e0a964c7b2c70bf09f6f87d90c4659/after_crs/after_CR_38942-1.java#L226,https://semgrep.dev/orgs/lucamorelli/findings/171436194,2025-04-15 14:37:24.781680,2025-04-15 14:37:24.672922,refs/heads/main,,,,DES is considered deprecated. AES is the recommended cipher. Upgrade to use AES. See https://www.nist.gov/news-events/news/2005/06/nist-withdraws-outdated-data-encryption-standard for more information.
171436193,java.lang.security.audit.crypto.des-is-deprecated.des-is-deprecated,Code,Medium,Open,High,security,False,,,,LucoMoro/Scraped_CRs,https://github.com/LucoMoro/Scraped_CRs,https://github.com/LucoMoro/Scraped_CRs/blob/b0f8574362e0a964c7b2c70bf09f6f87d90c4659/after_crs/after_CR_38942-1.java#L228,https://semgrep.dev/orgs/lucamorelli/findings/171436193,2025-04-15 14:37:24.781639,2025-04-15 14:37:24.672917,refs/heads/main,,,,DES is considered deprecated. AES is the recommended cipher. Upgrade to use AES. See https://www.nist.gov/news-events/news/2005/06/nist-withdraws-outdated-data-encryption-standard for more information.
171436192,java.lang.security.audit.crypto.ecb-cipher.ecb-cipher,Code,Medium,Open,High,security,False,,,,LucoMoro/Scraped_CRs,https://github.com/LucoMoro/Scraped_CRs,https://github.com/LucoMoro/Scraped_CRs/blob/b0f8574362e0a964c7b2c70bf09f6f87d90c4659/after_crs/after_CR_40380-1.java#L674,https://semgrep.dev/orgs/lucamorelli/findings/171436192,2025-04-15 14:37:24.781622,2025-04-15 14:37:24.672913,refs/heads/main,,,,"Cipher in ECB mode is detected. ECB mode produces the same output for the same input each time which allows an attacker to intercept and replay the data. Further, ECB mode does not provide any integrity checking. See https://find-sec-bugs.github.io/bugs.htm#CIPHER_INTEGRITY."
171436191,java.lang.security.audit.crypto.ecb-cipher.ecb-cipher,Code,Medium,Open,High,security,False,,,,LucoMoro/Scraped_CRs,https://github.com/LucoMoro/Scraped_CRs,https://github.com/LucoMoro/Scraped_CRs/blob/b0f8574362e0a964c7b2c70bf09f6f87d90c4659/after_crs/after_CR_40380-1.java#L699,https://semgrep.dev/orgs/lucamorelli/findings/171436191,2025-04-15 14:37:24.781606,2025-04-15 14:37:24.672908,refs/heads/main,,,,"Cipher in ECB mode is detected. ECB mode produces the same output for the same input each time which allows an attacker to intercept and replay the data. Further, ECB mode does not provide any integrity checking. See https://find-sec-bugs.github.io/bugs.htm#CIPHER_INTEGRITY."
171436190,java.lang.security.audit.crypto.ecb-cipher.ecb-cipher,Code,Medium,Open,High,security,False,,,,LucoMoro/Scraped_CRs,https://github.com/LucoMoro/Scraped_CRs,https://github.com/LucoMoro/Scraped_CRs/blob/b0f8574362e0a964c7b2c70bf09f6f87d90c4659/after_crs/after_CR_40380-1.java#L758,https://semgrep.dev/orgs/lucamorelli/findings/171436190,2025-04-15 14:37:24.781590,2025-04-15 14:37:24.672903,refs/heads/main,,,,"Cipher in ECB mode is detected. ECB mode produces the same output for the same input each time which allows an attacker to intercept and replay the data. Further, ECB mode does not provide any integrity checking. See https://find-sec-bugs.github.io/bugs.htm#CIPHER_INTEGRITY."
171436189,java.lang.security.audit.crypto.ecb-cipher.ecb-cipher,Code,Medium,Open,High,security,False,,,,LucoMoro/Scraped_CRs,https://github.com/LucoMoro/Scraped_CRs,https://github.com/LucoMoro/Scraped_CRs/blob/b0f8574362e0a964c7b2c70bf09f6f87d90c4659/after_crs/after_CR_40380-1.java#L727,https://semgrep.dev/orgs/lucamorelli/findings/171436189,2025-04-15 14:37:24.781574,2025-04-15 14:37:24.672898,refs/heads/main,,,,"Cipher in ECB mode is detected. ECB mode produces the same output for the same input each time which allows an attacker to intercept and replay the data. Further, ECB mode does not provide any integrity checking. See https://find-sec-bugs.github.io/bugs.htm#CIPHER_INTEGRITY."
171436188,java.lang.security.audit.crypto.ecb-cipher.ecb-cipher,Code,Medium,Open,High,security,False,,,,LucoMoro/Scraped_CRs,https://github.com/LucoMoro/Scraped_CRs,https://github.com/LucoMoro/Scraped_CRs/blob/b0f8574362e0a964c7b2c70bf09f6f87d90c4659/after_crs/after_CR_40380-1.java#L836,https://semgrep.dev/orgs/lucamorelli/findings/171436188,2025-04-15 14:37:24.781557,2025-04-15 14:37:24.672894,refs/heads/main,,,,"Cipher in ECB mode is detected. ECB mode produces the same output for the same input each time which allows an attacker to intercept and replay the data. Further, ECB mode does not provide any integrity checking. See https://find-sec-bugs.github.io/bugs.htm#CIPHER_INTEGRITY."
171436187,java.lang.security.audit.crypto.ecb-cipher.ecb-cipher,Code,Medium,Open,High,security,False,,,,LucoMoro/Scraped_CRs,https://github.com/LucoMoro/Scraped_CRs,https://github.com/LucoMoro/Scraped_CRs/blob/b0f8574362e0a964c7b2c70bf09f6f87d90c4659/after_crs/after_CR_40380-1.java#L861,https://semgrep.dev/orgs/lucamorelli/findings/171436187,2025-04-15 14:37:24.781541,2025-04-15 14:37:24.672889,refs/heads/main,,,,"Cipher in ECB mode is detected. ECB mode produces the same output for the same input each time which allows an attacker to intercept and replay the data. Further, ECB mode does not provide any integrity checking. See https://find-sec-bugs.github.io/bugs.htm#CIPHER_INTEGRITY."
171436186,java.lang.security.audit.crypto.ecb-cipher.ecb-cipher,Code,Medium,Open,High,security,False,,,,LucoMoro/Scraped_CRs,https://github.com/LucoMoro/Scraped_CRs,https://github.com/LucoMoro/Scraped_CRs/blob/b0f8574362e0a964c7b2c70bf09f6f87d90c4659/after_crs/after_CR_40380-1.java#L782,https://semgrep.dev/orgs/lucamorelli/findings/171436186,2025-04-15 14:37:24.781525,2025-04-15 14:37:24.672885,refs/heads/main,,,,"Cipher in ECB mode is detected. ECB mode produces the same output for the same input each time which allows an attacker to intercept and replay the data. Further, ECB mode does not provide any integrity checking. See https://find-sec-bugs.github.io/bugs.htm#CIPHER_INTEGRITY."
171436176,java.lang.security.audit.crypto.ecb-cipher.ecb-cipher,Code,Medium,Open,High,security,False,,,,LucoMoro/Scraped_CRs,https://github.com/LucoMoro/Scraped_CRs,https://github.com/LucoMoro/Scraped_CRs/blob/b0f8574362e0a964c7b2c70bf09f6f87d90c4659/after_crs/after_CR_40776-1.java#L53,https://semgrep.dev/orgs/lucamorelli/findings/171436176,2025-04-15 14:37:24.781364,2025-04-15 14:37:24.672839,refs/heads/main,,,,"Cipher in ECB mode is detected. ECB mode produces the same output for the same input each time which allows an attacker to intercept and replay the data. Further, ECB mode does not provide any integrity checking. See https://find-sec-bugs.github.io/bugs.htm#CIPHER_INTEGRITY."
171436175,java.lang.security.audit.crypto.ecb-cipher.ecb-cipher,Code,Medium,Open,High,security,False,,,,LucoMoro/Scraped_CRs,https://github.com/LucoMoro/Scraped_CRs,https://github.com/LucoMoro/Scraped_CRs/blob/b0f8574362e0a964c7b2c70bf09f6f87d90c4659/after_crs/after_CR_40776-1.java#L91,https://semgrep.dev/orgs/lucamorelli/findings/171436175,2025-04-15 14:37:24.781348,2025-04-15 14:37:24.672835,refs/heads/main,,,,"Cipher in ECB mode is detected. ECB mode produces the same output for the same input each time which allows an attacker to intercept and replay the data. Further, ECB mode does not provide any integrity checking. See https://find-sec-bugs.github.io/bugs.htm#CIPHER_INTEGRITY."
171436124,java.lang.security.audit.crypto.unencrypted-socket.unencrypted-socket,Code,Medium,Open,High,security,False,,,,LucoMoro/Scraped_CRs,https://github.com/LucoMoro/Scraped_CRs,https://github.com/LucoMoro/Scraped_CRs/blob/b0f8574362e0a964c7b2c70bf09f6f87d90c4659/after_crs/after_CR_20734-1.java#L15,https://semgrep.dev/orgs/lucamorelli/findings/171436124,2025-04-15 14:37:24.780522,2025-04-15 14:37:24.672593,refs/heads/main,,,,"Detected use of a Java socket that is not encrypted. As a result, the traffic could be read by an attacker intercepting the network traffic. Use an SSLSocket created by 'SSLSocketFactory' or 'SSLServerSocketFactory' instead."
171436123,java.lang.security.audit.crypto.unencrypted-socket.unencrypted-socket,Code,Medium,Open,High,security,False,,,,LucoMoro/Scraped_CRs,https://github.com/LucoMoro/Scraped_CRs,https://github.com/LucoMoro/Scraped_CRs/blob/b0f8574362e0a964c7b2c70bf09f6f87d90c4659/after_crs/after_CR_39572-1.java#L129,https://semgrep.dev/orgs/lucamorelli/findings/171436123,2025-04-15 14:37:24.780506,2025-04-15 14:37:24.672588,refs/heads/main,,,,"Detected use of a Java socket that is not encrypted. As a result, the traffic could be read by an attacker intercepting the network traffic. Use an SSLSocket created by 'SSLSocketFactory' or 'SSLServerSocketFactory' instead."
171436122,java.lang.security.audit.crypto.unencrypted-socket.unencrypted-socket,Code,Medium,Open,High,security,False,,,,LucoMoro/Scraped_CRs,https://github.com/LucoMoro/Scraped_CRs,https://github.com/LucoMoro/Scraped_CRs/blob/b0f8574362e0a964c7b2c70bf09f6f87d90c4659/after_crs/after_CR_39572-1.java#L166,https://semgrep.dev/orgs/lucamorelli/findings/171436122,2025-04-15 14:37:24.780490,2025-04-15 14:37:24.672583,refs/heads/main,,,,"Detected use of a Java socket that is not encrypted. As a result, the traffic could be read by an attacker intercepting the network traffic. Use an SSLSocket created by 'SSLSocketFactory' or 'SSLServerSocketFactory' instead."
171436121,java.lang.security.audit.crypto.unencrypted-socket.unencrypted-socket,Code,Medium,Open,High,security,False,,,,LucoMoro/Scraped_CRs,https://github.com/LucoMoro/Scraped_CRs,https://github.com/LucoMoro/Scraped_CRs/blob/b0f8574362e0a964c7b2c70bf09f6f87d90c4659/after_crs/after_CR_39572-1.java#L197,https://semgrep.dev/orgs/lucamorelli/findings/171436121,2025-04-15 14:37:24.780474,2025-04-15 14:37:24.672579,refs/heads/main,,,,"Detected use of a Java socket that is not encrypted. As a result, the traffic could be read by an attacker intercepting the network traffic. Use an SSLSocket created by 'SSLSocketFactory' or 'SSLServerSocketFactory' instead."
171436120,java.lang.security.audit.crypto.unencrypted-socket.unencrypted-socket,Code,Medium,Open,High,security,False,,,,LucoMoro/Scraped_CRs,https://github.com/LucoMoro/Scraped_CRs,https://github.com/LucoMoro/Scraped_CRs/blob/b0f8574362e0a964c7b2c70bf09f6f87d90c4659/after_crs/after_CR_39572-1.java#L243,https://semgrep.dev/orgs/lucamorelli/findings/171436120,2025-04-15 14:37:24.780458,2025-04-15 14:37:24.672573,refs/heads/main,,,,"Detected use of a Java socket that is not encrypted. As a result, the traffic could be read by an attacker intercepting the network traffic. Use an SSLSocket created by 'SSLSocketFactory' or 'SSLServerSocketFactory' instead."
171436119,java.lang.security.audit.crypto.unencrypted-socket.unencrypted-socket,Code,Medium,Open,High,security,False,,,,LucoMoro/Scraped_CRs,https://github.com/LucoMoro/Scraped_CRs,https://github.com/LucoMoro/Scraped_CRs/blob/b0f8574362e0a964c7b2c70bf09f6f87d90c4659/after_crs/after_CR_43464-1.java#L39,https://semgrep.dev/orgs/lucamorelli/findings/171436119,2025-04-15 14:37:24.780441,2025-04-15 14:37:24.672569,refs/heads/main,,,,"Detected use of a Java socket that is not encrypted. As a result, the traffic could be read by an attacker intercepting the network traffic. Use an SSLSocket created by 'SSLSocketFactory' or 'SSLServerSocketFactory' instead."
171436118,java.lang.security.audit.crypto.unencrypted-socket.unencrypted-socket,Code,Medium,Open,High,security,False,,,,LucoMoro/Scraped_CRs,https://github.com/LucoMoro/Scraped_CRs,https://github.com/LucoMoro/Scraped_CRs/blob/b0f8574362e0a964c7b2c70bf09f6f87d90c4659/after_crs/after_CR_43464-1.java#L47,https://semgrep.dev/orgs/lucamorelli/findings/171436118,2025-04-15 14:37:24.780424,2025-04-15 14:37:24.672564,refs/heads/main,,,,"Detected use of a Java socket that is not encrypted. As a result, the traffic could be read by an attacker intercepting the network traffic. Use an SSLSocket created by 'SSLSocketFactory' or 'SSLServerSocketFactory' instead."
171436117,java.lang.security.audit.crypto.unencrypted-socket.unencrypted-socket,Code,Medium,Open,High,security,False,,,,LucoMoro/Scraped_CRs,https://github.com/LucoMoro/Scraped_CRs,https://github.com/LucoMoro/Scraped_CRs/blob/b0f8574362e0a964c7b2c70bf09f6f87d90c4659/after_crs/after_CR_43464-1.java#L64,https://semgrep.dev/orgs/lucamorelli/findings/171436117,2025-04-15 14:37:24.780407,2025-04-15 14:37:24.672560,refs/heads/main,,,,"Detected use of a Java socket that is not encrypted. As a result, the traffic could be read by an attacker intercepting the network traffic. Use an SSLSocket created by 'SSLSocketFactory' or 'SSLServerSocketFactory' instead."
171436116,java.lang.security.audit.crypto.unencrypted-socket.unencrypted-socket,Code,Medium,Open,High,security,False,,,,LucoMoro/Scraped_CRs,https://github.com/LucoMoro/Scraped_CRs,https://github.com/LucoMoro/Scraped_CRs/blob/b0f8574362e0a964c7b2c70bf09f6f87d90c4659/after_crs/after_CR_43464-1.java#L79,https://semgrep.dev/orgs/lucamorelli/findings/171436116,2025-04-15 14:37:24.780391,2025-04-15 14:37:24.672555,refs/heads/main,,,,"Detected use of a Java socket that is not encrypted. As a result, the traffic could be read by an attacker intercepting the network traffic. Use an SSLSocket created by 'SSLSocketFactory' or 'SSLServerSocketFactory' instead."
171436111,java.lang.security.audit.crypto.use-of-aes-ecb.use-of-aes-ecb,Code,Medium,Open,High,security,False,,,,LucoMoro/Scraped_CRs,https://github.com/LucoMoro/Scraped_CRs,https://github.com/LucoMoro/Scraped_CRs/blob/b0f8574362e0a964c7b2c70bf09f6f87d90c4659/after_crs/after_CR_43713-2.java#L496,https://semgrep.dev/orgs/lucamorelli/findings/171436111,2025-04-15 14:37:24.780308,2025-04-15 14:37:24.672531,refs/heads/main,,,,"Use of AES with ECB mode detected. ECB doesn't provide message confidentiality and  is not semantically secure so should not be used. Instead, use a strong, secure cipher: Cipher.getInstance(""AES/CBC/PKCS7PADDING""). See https://owasp.org/www-community/Using_the_Java_Cryptographic_Extensions for more information."
171436108,java.lang.security.audit.crypto.use-of-aes-ecb.use-of-aes-ecb,Code,Medium,Open,High,security,False,,,,LucoMoro/Scraped_CRs,https://github.com/LucoMoro/Scraped_CRs,https://github.com/LucoMoro/Scraped_CRs/blob/b0f8574362e0a964c7b2c70bf09f6f87d90c4659/after_crs/after_CR_43713-3.java#L630,https://semgrep.dev/orgs/lucamorelli/findings/171436108,2025-04-15 14:37:24.780258,2025-04-15 14:37:24.672517,refs/heads/main,,,,"Use of AES with ECB mode detected. ECB doesn't provide message confidentiality and  is not semantically secure so should not be used. Instead, use a strong, secure cipher: Cipher.getInstance(""AES/CBC/PKCS7PADDING""). See https://owasp.org/www-community/Using_the_Java_Cryptographic_Extensions for more information."
171436105,java.lang.security.audit.crypto.use-of-aes-ecb.use-of-aes-ecb,Code,Medium,Open,High,security,False,,,,LucoMoro/Scraped_CRs,https://github.com/LucoMoro/Scraped_CRs,https://github.com/LucoMoro/Scraped_CRs/blob/b0f8574362e0a964c7b2c70bf09f6f87d90c4659/after_crs/after_CR_43713-4.java#L636,https://semgrep.dev/orgs/lucamorelli/findings/171436105,2025-04-15 14:37:24.780207,2025-04-15 14:37:24.672503,refs/heads/main,,,,"Use of AES with ECB mode detected. ECB doesn't provide message confidentiality and  is not semantically secure so should not be used. Instead, use a strong, secure cipher: Cipher.getInstance(""AES/CBC/PKCS7PADDING""). See https://owasp.org/www-community/Using_the_Java_Cryptographic_Extensions for more information."
171436103,java.lang.security.audit.crypto.use-of-aes-ecb.use-of-aes-ecb,Code,Medium,Open,High,security,False,,,,LucoMoro/Scraped_CRs,https://github.com/LucoMoro/Scraped_CRs,https://github.com/LucoMoro/Scraped_CRs/blob/b0f8574362e0a964c7b2c70bf09f6f87d90c4659/after_crs/after_CR_43713-5.java#L659,https://semgrep.dev/orgs/lucamorelli/findings/171436103,2025-04-15 14:37:24.780174,2025-04-15 14:37:24.672493,refs/heads/main,,,,"Use of AES with ECB mode detected. ECB doesn't provide message confidentiality and  is not semantically secure so should not be used. Instead, use a strong, secure cipher: Cipher.getInstance(""AES/CBC/PKCS7PADDING""). See https://owasp.org/www-community/Using_the_Java_Cryptographic_Extensions for more information."
171436100,java.lang.security.audit.crypto.use-of-aes-ecb.use-of-aes-ecb,Code,Medium,Open,High,security,False,,,,LucoMoro/Scraped_CRs,https://github.com/LucoMoro/Scraped_CRs,https://github.com/LucoMoro/Scraped_CRs/blob/b0f8574362e0a964c7b2c70bf09f6f87d90c4659/after_crs/after_CR_43713-6.java#L700,https://semgrep.dev/orgs/lucamorelli/findings/171436100,2025-04-15 14:37:24.780122,2025-04-15 14:37:24.672479,refs/heads/main,,,,"Use of AES with ECB mode detected. ECB doesn't provide message confidentiality and  is not semantically secure so should not be used. Instead, use a strong, secure cipher: Cipher.getInstance(""AES/CBC/PKCS7PADDING""). See https://owasp.org/www-community/Using_the_Java_Cryptographic_Extensions for more information."
171377502,java.lang.security.audit.crypto.unencrypted-socket.unencrypted-socket,Code,Medium,Open,High,security,False,,,,LucoMoro/Scraped_CRs,https://github.com/LucoMoro/Scraped_CRs,https://github.com/LucoMoro/Scraped_CRs/blob/b0f8574362e0a964c7b2c70bf09f6f87d90c4659/before_crs/before_CR_20734-1.java#L11,https://semgrep.dev/orgs/lucamorelli/findings/171377502,2025-04-15 13:04:08.638918,2025-04-15 13:04:08.609521,refs/heads/main,,,,"Detected use of a Java socket that is not encrypted. As a result, the traffic could be read by an attacker intercepting the network traffic. Use an SSLSocket created by 'SSLSocketFactory' or 'SSLServerSocketFactory' instead."
171377501,java.lang.security.audit.crypto.unencrypted-socket.unencrypted-socket,Code,Medium,Open,High,security,False,,,,LucoMoro/Scraped_CRs,https://github.com/LucoMoro/Scraped_CRs,https://github.com/LucoMoro/Scraped_CRs/blob/b0f8574362e0a964c7b2c70bf09f6f87d90c4659/before_crs/before_CR_39572-1.java#L461,https://semgrep.dev/orgs/lucamorelli/findings/171377501,2025-04-15 13:04:08.638902,2025-04-15 13:04:08.609511,refs/heads/main,,,,"Detected use of a Java socket that is not encrypted. As a result, the traffic could be read by an attacker intercepting the network traffic. Use an SSLSocket created by 'SSLSocketFactory' or 'SSLServerSocketFactory' instead."
171377500,java.lang.security.audit.crypto.unencrypted-socket.unencrypted-socket,Code,Medium,Open,High,security,False,,,,LucoMoro/Scraped_CRs,https://github.com/LucoMoro/Scraped_CRs,https://github.com/LucoMoro/Scraped_CRs/blob/b0f8574362e0a964c7b2c70bf09f6f87d90c4659/before_crs/before_CR_43464-1.java#L32,https://semgrep.dev/orgs/lucamorelli/findings/171377500,2025-04-15 13:04:08.638886,2025-04-15 13:04:08.609501,refs/heads/main,,,,"Detected use of a Java socket that is not encrypted. As a result, the traffic could be read by an attacker intercepting the network traffic. Use an SSLSocket created by 'SSLSocketFactory' or 'SSLServerSocketFactory' instead."
171377499,java.lang.security.audit.crypto.unencrypted-socket.unencrypted-socket,Code,Medium,Open,High,security,False,,,,LucoMoro/Scraped_CRs,https://github.com/LucoMoro/Scraped_CRs,https://github.com/LucoMoro/Scraped_CRs/blob/b0f8574362e0a964c7b2c70bf09f6f87d90c4659/before_crs/before_CR_43464-1.java#L42,https://semgrep.dev/orgs/lucamorelli/findings/171377499,2025-04-15 13:04:08.638870,2025-04-15 13:04:08.609491,refs/heads/main,,,,"Detected use of a Java socket that is not encrypted. As a result, the traffic could be read by an attacker intercepting the network traffic. Use an SSLSocket created by 'SSLSocketFactory' or 'SSLServerSocketFactory' instead."
171377498,java.lang.security.audit.crypto.unencrypted-socket.unencrypted-socket,Code,Medium,Open,High,security,False,,,,LucoMoro/Scraped_CRs,https://github.com/LucoMoro/Scraped_CRs,https://github.com/LucoMoro/Scraped_CRs/blob/b0f8574362e0a964c7b2c70bf09f6f87d90c4659/before_crs/before_CR_43464-1.java#L49,https://semgrep.dev/orgs/lucamorelli/findings/171377498,2025-04-15 13:04:08.638854,2025-04-15 13:04:08.609481,refs/heads/main,,,,"Detected use of a Java socket that is not encrypted. As a result, the traffic could be read by an attacker intercepting the network traffic. Use an SSLSocket created by 'SSLSocketFactory' or 'SSLServerSocketFactory' instead."
171377497,java.lang.security.audit.crypto.unencrypted-socket.unencrypted-socket,Code,Medium,Open,High,security,False,,,,LucoMoro/Scraped_CRs,https://github.com/LucoMoro/Scraped_CRs,https://github.com/LucoMoro/Scraped_CRs/blob/b0f8574362e0a964c7b2c70bf09f6f87d90c4659/before_crs/before_CR_43464-1.java#L59,https://semgrep.dev/orgs/lucamorelli/findings/171377497,2025-04-15 13:04:08.638837,2025-04-15 13:04:08.609471,refs/heads/main,,,,"Detected use of a Java socket that is not encrypted. As a result, the traffic could be read by an attacker intercepting the network traffic. Use an SSLSocket created by 'SSLSocketFactory' or 'SSLServerSocketFactory' instead."
171377496,java.lang.security.audit.crypto.unencrypted-socket.unencrypted-socket,Code,Medium,Open,High,security,False,,,,LucoMoro/Scraped_CRs,https://github.com/LucoMoro/Scraped_CRs,https://github.com/LucoMoro/Scraped_CRs/blob/b0f8574362e0a964c7b2c70bf09f6f87d90c4659/before_crs/before_CR_43464-1.java#L73,https://semgrep.dev/orgs/lucamorelli/findings/171377496,2025-04-15 13:04:08.638821,2025-04-15 13:04:08.609460,refs/heads/main,,,,"Detected use of a Java socket that is not encrypted. As a result, the traffic could be read by an attacker intercepting the network traffic. Use an SSLSocket created by 'SSLSocketFactory' or 'SSLServerSocketFactory' instead."
171377495,java.lang.security.audit.crypto.unencrypted-socket.unencrypted-socket,Code,Medium,Open,High,security,False,,,,LucoMoro/Scraped_CRs,https://github.com/LucoMoro/Scraped_CRs,https://github.com/LucoMoro/Scraped_CRs/blob/b0f8574362e0a964c7b2c70bf09f6f87d90c4659/before_crs/before_CR_43464-1.java#L88,https://semgrep.dev/orgs/lucamorelli/findings/171377495,2025-04-15 13:04:08.638805,2025-04-15 13:04:08.609449,refs/heads/main,,,,"Detected use of a Java socket that is not encrypted. As a result, the traffic could be read by an attacker intercepting the network traffic. Use an SSLSocket created by 'SSLSocketFactory' or 'SSLServerSocketFactory' instead."
